Title,Media URL,Pinterest board,Thumbnail,Description,Link,Publish date,Keywords
"One-Pan Chicken and Potatoes: An Easy Sheet Pan Dinner for a Family of 4","https://alphazone2026.github.io/feedfourforless/pins/2026-10-05/01.png","Sheet Pan Dinners","","An easy sheet pan dinner for 4: chicken, potatoes, carrots and onion roasted on one pan. 15 minutes of chopping, 35 in the oven, and one pan to wash. One of 7 cheap family dinners in a week that cost $47.64 at Walmart. Get the free 7-day plan and printable grocery list.","https://alphazone2026.github.io/feedfourforless/?utm_source=pinterest&utm_medium=pin&utm_campaign=60week&utm_content=pin-2026-10-05-01","2026-10-11T12:00:00",""
"Easy Homemade Chicken Noodle Soup with Spaghetti (Cheap One-Pot Dinner)","https://alphazone2026.github.io/feedfourforless/pins/2026-10-05/02.png","Cheap Family Dinners","","Homemade chicken noodle soup in one pot: diced chicken, carrots, onion, a carton of broth and spaghetti broken into short pieces. 15 minutes of prep and about 25 on the stove. A cheap, cozy fall dinner for a family of 4. Get the free 7-day plan and printable grocery list.","https://alphazone2026.github.io/feedfourforless/?utm_source=pinterest&utm_medium=pin&utm_campaign=60week&utm_content=pin-2026-10-05-02","2026-10-12T00:00:00",""
"Cheap Pantry Staples Under $2 for Easy Family Dinners (Walmart Prices)","https://alphazone2026.github.io/feedfourforless/pins/2026-10-05/03.png","Pantry Staples","","Seven grocery staples under $2 each at Walmart that turn into real family dinners: rice, eggs, tortillas, frozen peas and carrots, broth, soy sauce and taco seasoning. All of them are on the grocery list for a week of 7 dinners that cost $47.64. Get the free 7-day plan and printable grocery list.","https://alphazone2026.github.io/feedfourforless/?utm_source=pinterest&utm_medium=pin&utm_campaign=60week&utm_content=pin-2026-10-05-03","2026-10-12T12:00:00",""
"Why Day-Old Rice Makes the Best Fried Rice (Easy Meal Prep Tip)","https://alphazone2026.github.io/feedfourforless/pins/2026-10-05/04.png","Meal Prep for Beginners","","Cold rice fries best, so cook it on Sunday and Monday's chicken fried rice takes 25 minutes. An easy meal prep tip for beginners from a week of cheap family dinners that cost $47.64 at Walmart. Get the free 7-day plan and printable grocery list.","https://alphazone2026.github.io/feedfourforless/?utm_source=pinterest&utm_medium=pin&utm_campaign=60week&utm_content=pin-2026-10-05-04","2026-10-13T00:00:00",""
"How Much Should a Family Spend on Dinner Each Week? Free Budget Calculator","https://alphazone2026.github.io/feedfourforless/pins/2026-10-05/05.png","Grocery Budget Tips","","How much should a family spend on dinner each week? Pick how many people eat and how many nights you cook, and this free dinner budget calculator gives a real weekly number based on Walmart-priced meal plans. It works on your phone. Try the free calculator.","https://alphazone2026.github.io/feedfourforless/calculator/?utm_source=pinterest&utm_medium=pin&utm_campaign=calculator&utm_content=pin-2026-10-05-05","2026-10-13T12:00:00",""
"One 47¢ Taco Seasoning Packet, Two Easy Family Dinners","https://alphazone2026.github.io/feedfourforless/pins/2026-10-05/06.png","Easy Weeknight Dinners","","Stretch one taco seasoning packet across two cheap family dinners: black bean and cheese quesadillas in 20 minutes, then chicken burrito bowls in 30. Easy weeknight dinners for 4 from a week that cost $47.64 at Walmart. Get the free 7-day plan and printable grocery list.","https://alphazone2026.github.io/feedfourforless/?utm_source=pinterest&utm_medium=pin&utm_campaign=60week&utm_content=pin-2026-10-05-06","2026-10-14T00:00:00",""
"Weekly Dinner Menu Ideas: What to Cook Monday Through Sunday on a Budget","https://alphazone2026.github.io/feedfourforless/pins/2026-10-05/07.png","Budget Meal Plans","","Stuck on what's for dinner? Here is a whole weekly dinner menu for a family of 4, Monday through Sunday, from chicken fried rice to chicken noodle soup. Every dinner takes 30 minutes or less of hands-on time and the whole week cost $47.64 at Walmart. Get the free 7-day plan and printable grocery list.","https://alphazone2026.github.io/feedfourforless/?utm_source=pinterest&utm_medium=pin&utm_campaign=60week&utm_content=pin-2026-10-05-07","2026-10-14T12:00:00",""
"Cheap Potato Dinners: One $3.47 Bag Makes Two Family Meals","https://alphazone2026.github.io/feedfourforless/pins/2026-10-05/08.png","Cheap Family Dinners","","A 5 lb bag of russet potatoes was $3.47 at Walmart and covers two cheap family dinners: sheet-pan chicken and potatoes, and breakfast-for-dinner cheesy eggs with crispy potatoes. Budget dinner ideas for a family of 4. Get the free 7-day plan and printable grocery list.","https://alphazone2026.github.io/feedfourforless/?utm_source=pinterest&utm_medium=pin&utm_campaign=60week&utm_content=pin-2026-10-05-08","2026-10-15T00:00:00",""
"Monthly Meal Plan for a Family of 4: 30 Cheap Dinners and 4 Grocery Lists","https://alphazone2026.github.io/feedfourforless/pins/2026-10-05/09.png","Budget Meal Plans","","Stop planning dinner every night. The 30-Day Family Dinner Plan gives you 30 cheap dinners for a family of 4 and four grocery lists priced at Walmart, and no weekly shop goes over $50.32. A monthly meal plan on a budget. Get it for $7.","https://payhip.com/b/sO0z2?utm_source=pinterest&utm_medium=pin&utm_campaign=30day&utm_content=pin-2026-10-05-09","2026-10-15T12:00:00",""
"Simple Thanksgiving Menu for Beginners: 6 Easy Dishes for a Family of 4","https://alphazone2026.github.io/feedfourforless/pins/2026-10-05/10.png","Thanksgiving on a Budget","","Hosting Thanksgiving for the first time? A simple Thanksgiving menu for 4: roast turkey and gravy, mashed potatoes, stuffing, green bean casserole, sweet potato bake and pumpkin pie, all for $53.38 at Walmart. Get The Holiday Dinner Plan: both feasts, hour-by-hour countdowns and 8 leftover dinners, $7.","https://payhip.com/b/vqtOo?utm_source=pinterest&utm_medium=pin&utm_campaign=holiday&utm_content=pin-2026-10-05-10","2026-10-16T00:00:00",""
"Cheap Holiday Baking: 5 Christmas Treats Under $3 a Batch","https://alphazone2026.github.io/feedfourforless/pins/2026-10-05/11.png","Christmas Cookies on a Budget","","Christmas baking on a budget: 5 holiday treats that cost under $3 a batch at Walmart prices, from brownie crinkle cookies to candy cane twists. Get Christmas Cookies & Holiday Baking for Less: 18 treats with the price of every batch, $7.","https://payhip.com/b/WBV6d?utm_source=pinterest&utm_medium=pin&utm_campaign=baking&utm_content=pin-2026-10-05-11","2026-10-16T12:00:00",""
